"_id",created_at,updated_at,app_id,book_id,user_id,_status,__v
5749abf8f138325e2d1c9eb5,5/28/2016 10:32:24 PM,5/28/2016 10:32:24 PM,56c6c309243cb728205a3dff,5749a5c0f138325e2d1c9e3d,56d448027ebb20624f753729,1,0
5749b03cf57b6d692dc0ba83,5/28/2016 10:50:36 PM,5/28/2016 10:50:36 PM,56c6c309243cb728205a3dff,5749a5c0f138325e2d1c9e3d,571ac5e5e12f4a713ccb2ec8,1,0
5749b2c6f138325e2d1c9f31,5/28/2016 11:01:26 PM,5/28/2016 11:01:26 PM,56c6c309243cb728205a3dff,5749a5c0f138325e2d1c9e3d,56f3a970b8df540c19a255c1,1,0
5749b859f57b6d692dc0bb44,5/28/2016 11:25:13 PM,5/28/2016 11:25:13 PM,56c6c309243cb728205a3dff,5749a5c0f138325e2d1c9e3d,56d448077ebb20624f753a4b,1,0
5749b9ae6fe5193e45ebc9fc,5/28/2016 11:30:54 PM,5/28/2016 11:30:56 PM,56c6c309243cb728205a3dff,5749a5c0f138325e2d1c9e3d,56d448067ebb20624f75394b,1,0
5749b9c0c324484945e08d7d,5/28/2016 11:31:12 PM,5/28/2016 11:31:12 PM,56c6c309243cb728205a3dff,5749a5c0f138325e2d1c9e3d,5716f89e941def5f1cc4700c,1,0
5749bad0c324484945e08d9f,5/28/2016 11:35:44 PM,5/28/2016 11:35:47 PM,56c6c309243cb728205a3dff,5749a5c0f138325e2d1c9e3d,5715d34a941def5f1cc3efcd,1,0
5749bbcc6fe5193e45ebca5c,5/28/2016 11:39:56 PM,5/28/2016 11:39:56 PM,56c6c309243cb728205a3dff,5749a5c0f138325e2d1c9e3d,57197256e12f4a713ccaa6d6,1,0
5749bc9c6fe5193e45ebca85,5/28/2016 11:43:24 PM,5/28/2016 11:43:24 PM,56c6c309243cb728205a3dff,5749a5c0f138325e2d1c9e3d,56d4480b7ebb20624f753da1,1,0
5749bca26fe5193e45ebca86,5/28/2016 11:43:30 PM,5/28/2016 11:43:30 PM,56c6c309243cb728205a3dff,5749a5c0f138325e2d1c9e3d,571b0318e12f4a713ccc149a,1,0
5749bd356fe5193e45ebca9c,5/28/2016 11:45:57 PM,5/28/2016 11:45:57 PM,56c6c309243cb728205a3dff,5749a5c0f138325e2d1c9e3d,5712fba800b42e972e80dda6,1,0
5749be3fc324484945e08e19,5/28/2016 11:50:23 PM,5/28/2016 11:50:23 PM,56c6c309243cb728205a3dff,5749a5c0f138325e2d1c9e3d,56d448127ebb20624f7541cb,1,0
5749be916fe5193e45ebcacb,5/28/2016 11:51:45 PM,5/28/2016 11:51:45 PM,56c6c309243cb728205a3dff,5749a5c0f138325e2d1c9e3d,56d5318e88ef75545531fc09,1,0
5749c2b7c324484945e08e80,5/29/2016 12:09:27 AM,5/29/2016 12:09:27 AM,56c6c309243cb728205a3dff,5749a5c0f138325e2d1c9e3d,5749c21fc324484945e08e74,1,0
5749c85e6fe5193e45ebcd80,5/29/2016 12:33:34 AM,5/29/2016 12:33:34 AM,56c6c309243cb728205a3dff,5749a5c0f138325e2d1c9e3d,5710cb101a5c664a494355f5,1,0
5749c932c324484945e0914f,5/29/2016 12:37:06 AM,5/29/2016 12:37:06 AM,56c6c309243cb728205a3dff,5749a658f57b6d692dc0b9f0,56d4480b7ebb20624f753d73,1,0
574a1ffa399d5d576550fe0f,5/29/2016 6:47:22 AM,5/29/2016 6:47:22 AM,56c6c309243cb728205a3dff,5749a5c0f138325e2d1c9e3d,57375166dbb231191329c4a4,1,0
574a22e4399d5d576550fe29,5/29/2016 6:59:48 AM,5/29/2016 6:59:48 AM,56c6c309243cb728205a3dff,5749a5c0f138325e2d1c9e3d,56d448147ebb20624f754349,1,0
574a365b399d5d57655100a7,5/29/2016 8:22:51 AM,5/29/2016 8:22:51 AM,56c6c309243cb728205a3dff,5749a5c0f138325e2d1c9e3d,573c3c7e319bb8343acd26ae,1,0
574a3a606bc71f626550907f,5/29/2016 8:40:00 AM,5/29/2016 8:40:00 AM,56c6c309243cb728205a3dff,5749a7f1f138325e2d1c9e65,56e8f2da3c3e74753c193cdc,1,0
574a415c6bc71f6265509345,5/29/2016 9:09:48 AM,5/29/2016 9:09:48 AM,56c6c309243cb728205a3dff,5749a5c0f138325e2d1c9e3d,5713404b00b42e972e8115de,1,0
574a437f399d5d5765510189,5/29/2016 9:18:55 AM,5/29/2016 9:18:57 AM,56c6c309243cb728205a3dff,5749a5c0f138325e2d1c9e3d,571aebade12f4a713ccbeb00,1,0
574a56566bc71f6265509503,5/29/2016 10:39:18 AM,5/29/2016 10:39:18 AM,56c6c309243cb728205a3dff,5749a5c0f138325e2d1c9e3d,574a54ba399d5d5765510323,1,0
574a6534399d5d5765510884,5/29/2016 11:42:44 AM,5/29/2016 11:42:44 AM,56c6c309243cb728205a3dff,5749a5c0f138325e2d1c9e3d,5741b1b6595a769e089b331a,1,0
574a7fb8399d5d5765510a4e,5/29/2016 1:35:52 PM,5/31/2016 5:18:10 PM,56c6c309243cb728205a3dff,5749a5c0f138325e2d1c9e3d,57118aea110112237338bf65,1,0
574a8dcd6bc71f6265509a1f,5/29/2016 2:35:57 PM,5/29/2016 2:35:57 PM,56c6c309243cb728205a3dff,5749a5c0f138325e2d1c9e3d,56d448087ebb20624f753b01,1,0
574a991c399d5d5765510dc9,5/29/2016 3:24:12 PM,5/29/2016 3:24:12 PM,56c6c309243cb728205a3dff,5749a5c0f138325e2d1c9e3d,574a83506bc71f626550993f,1,0
574aab74399d5d5765510f39,5/29/2016 4:42:28 PM,5/29/2016 4:42:28 PM,56c6c309243cb728205a3dff,5749a5c0f138325e2d1c9e3d,56d448037ebb20624f7537d7,1,0
574aaf5d6bc71f6265509ec3,5/29/2016 4:59:09 PM,5/29/2016 4:59:12 PM,56c6c309243cb728205a3dff,5749a7f1f138325e2d1c9e65,56d448037ebb20624f753765,1,0
574ad36c6bc71f626550a37e,5/29/2016 7:33:00 PM,5/29/2016 7:33:00 PM,56c6c309243cb728205a3dff,5749a5c0f138325e2d1c9e3d,5716c971941def5f1cc426e7,1,0
574ada30399d5d57655113d7,5/29/2016 8:01:52 PM,5/29/2016 8:01:52 PM,56c6c309243cb728205a3dff,5749a658f57b6d692dc0b9f0,56e8f2da3c3e74753c193cdc,1,0
574adc29399d5d57655113f9,5/29/2016 8:10:17 PM,5/29/2016 8:10:17 PM,56c6c309243cb728205a3dff,5749a6d4f138325e2d1c9e50,56e8f2da3c3e74753c193cdc,1,0
574adca16bc71f626550a409,5/29/2016 8:12:17 PM,5/29/2016 8:12:17 PM,56c6c309243cb728205a3dff,5749a5c0f138325e2d1c9e3d,571463a7941def5f1cc39e58,1,0
574ae3366bc71f626550a468,5/29/2016 8:40:22 PM,5/29/2016 8:40:22 PM,56c6c309243cb728205a3dff,5749a5c0f138325e2d1c9e3d,572b622923057a577bd470aa,1,0
574aecd5399d5d57655116ca,5/29/2016 9:21:25 PM,5/29/2016 9:21:25 PM,56c6c309243cb728205a3dff,5749a5c0f138325e2d1c9e3d,5720b6221dc2dba0787f8988,1,0
574af1986bc71f626550a578,5/29/2016 9:41:44 PM,5/29/2016 9:41:44 PM,56c6c309243cb728205a3dff,5749a5c0f138325e2d1c9e3d,56d448127ebb20624f754221,1,0
574b089a399d5d576551216d,5/29/2016 11:19:54 PM,5/29/2016 11:19:54 PM,56c6c309243cb728205a3dff,5749a5c0f138325e2d1c9e3d,5726d2a6fc52eaf20721dcda,1,0
574b12316bc71f626550aa44,5/30/2016 12:00:49 AM,5/30/2016 12:00:49 AM,56c6c309243cb728205a3dff,5749a5c0f138325e2d1c9e3d,56d448137ebb20624f7542ab,1,0
574b144b399d5d5765512278,5/30/2016 12:09:47 AM,5/30/2016 12:09:47 AM,56c6c309243cb728205a3dff,5749a5c0f138325e2d1c9e3d,574288e9b27f275120d3c296,1,0
574b16e56bc71f626550aa8e,5/30/2016 12:20:53 AM,5/30/2016 12:20:53 AM,56c6c309243cb728205a3dff,5749a5c0f138325e2d1c9e3d,56d448077ebb20624f753a13,1,0
574b81e76bc71f626550ae1b,5/30/2016 7:57:27 AM,6/4/2016 7:43:28 AM,56c6c309243cb728205a3dff,5749a5c0f138325e2d1c9e3d,56d448037ebb20624f75374d,1,0
574b86016bc71f626550ae44,5/30/2016 8:14:57 AM,5/30/2016 8:14:57 AM,56c6c309243cb728205a3dff,5749a5c0f138325e2d1c9e3d,5713477600b42e972e811bf4,1,0
574b8826399d5d576551253d,5/30/2016 8:24:06 AM,5/30/2016 8:24:06 AM,56c6c309243cb728205a3dff,5749a5c0f138325e2d1c9e3d,5711cbd93d09d9a26ec47e75,1,0
574b95ec399d5d5765512646,5/30/2016 9:22:52 AM,5/30/2016 9:22:52 AM,56c6c309243cb728205a3dff,5749a5c0f138325e2d1c9e3d,571b2c7ce12f4a713ccc4e26,1,0
574bab88399d5d576551280f,5/30/2016 10:55:04 AM,5/30/2016 10:55:04 AM,56c6c309243cb728205a3dff,5749a5c0f138325e2d1c9e3d,574ba8c7399d5d576551277e,1,0
574bc914399d5d5765512a5b,5/30/2016 1:01:08 PM,5/30/2016 1:01:08 PM,56c6c309243cb728205a3dff,5749a5c0f138325e2d1c9e3d,5746b59fb27f275120d43192,1,0
574bea01399d5d5765512c1c,5/30/2016 3:21:37 PM,5/30/2016 3:21:37 PM,56c6c309243cb728205a3dff,5749a5c0f138325e2d1c9e3d,56f3a8afb8df540c19a255a4,1,0
574c08d5399d5d5765512d7c,5/30/2016 5:33:09 PM,5/30/2016 5:33:09 PM,56c6c309243cb728205a3dff,5749a5c0f138325e2d1c9e3d,571b612fe3d39ad67565b351,-1,0
574c105a399d5d5765512e08,5/30/2016 6:05:14 PM,5/30/2016 6:05:14 PM,56c6c309243cb728205a3dff,5749a5c0f138325e2d1c9e3d,56e8f2e03c3e74753c193f85,1,0
574c2cd16bc71f626550bd0c,5/30/2016 8:06:41 PM,5/30/2016 8:06:42 PM,56c6c309243cb728205a3dff,5749a5c0f138325e2d1c9e3d,57326f452627bd4f24fa8181,-1,0
574c3191399d5d5765512fac,5/30/2016 8:26:57 PM,5/30/2016 8:26:57 PM,56c6c309243cb728205a3dff,5749a5c0f138325e2d1c9e3d,56d448157ebb20624f754428,1,0
574c58476bc71f626550bffc,5/30/2016 11:12:07 PM,5/30/2016 11:12:07 PM,56c6c309243cb728205a3dff,5749a5c0f138325e2d1c9e3d,573487fcebdcaf4124f62947,1,0
574c58c0399d5d576551358c,5/30/2016 11:14:08 PM,5/30/2016 11:14:08 PM,56c6c309243cb728205a3dff,5749a5c0f138325e2d1c9e3d,5741a14d37b9b75e209d33a4,1,0
574c94e2399d5d5765513b6b,5/31/2016 3:30:42 AM,5/31/2016 3:30:42 AM,56c6c309243cb728205a3dff,5749a5c0f138325e2d1c9e3d,572ba76223057a577bd472dc,1,0
574cd8846bc71f626550c6d7,5/31/2016 8:19:16 AM,5/31/2016 8:19:19 AM,56c6c309243cb728205a3dff,574c34f2399d5d5765512fcd,56d448037ebb20624f753765,1,0
574d19ca399d5d57655146a8,5/31/2016 12:57:46 PM,5/31/2016 12:57:46 PM,56c6c309243cb728205a3dff,5749a5c0f138325e2d1c9e3d,57459b1f37b9b75e209d9541,1,0
574d4a5169d3fa856a975e2e,5/31/2016 4:24:49 PM,5/31/2016 4:24:49 PM,56c6c309243cb728205a3dff,5749a5c0f138325e2d1c9e3d,56d4480f7ebb20624f754097,1,0
574d91a15d6753936a3e558a,5/31/2016 9:29:05 PM,5/31/2016 9:29:05 PM,56c6c309243cb728205a3dff,5749a5c0f138325e2d1c9e3d,56d4480f7ebb20624f75408b,1,0
574daa095d6753936a3e57cd,5/31/2016 11:13:13 PM,5/31/2016 11:13:13 PM,56c6c309243cb728205a3dff,5749a5c0f138325e2d1c9e3d,574da6d55d6753936a3e5748,1,0
574dbe0f69d3fa856a976704,6/1/2016 12:38:39 AM,6/1/2016 12:38:39 AM,56c6c309243cb728205a3dff,5749a5c0f138325e2d1c9e3d,574dbc4869d3fa856a9766eb,1,0
574e200ba22e3bfa6c0acb28,6/1/2016 7:36:43 AM,6/1/2016 7:36:43 AM,56c6c309243cb728205a3dff,5749a7f1f138325e2d1c9e65,56e8f2ea3c3e74753c19435a,1,0
574e2ea93c4f10ef6cb23c87,6/1/2016 8:39:05 AM,6/1/2016 8:39:05 AM,56c6c309243cb728205a3dff,5749a5c0f138325e2d1c9e3d,56d448047ebb20624f75381b,1,0
574e78d2dc946f1e717f95da,6/1/2016 1:55:30 PM,6/1/2016 1:55:30 PM,56c6c309243cb728205a3dff,5749a658f57b6d692dc0b9f0,56d448057ebb20624f7538f1,1,0
574e80af456ca32971df57d2,6/1/2016 2:29:03 PM,6/1/2016 2:29:03 PM,56c6c309243cb728205a3dff,5749a5c0f138325e2d1c9e3d,56d448027ebb20624f753709,1,0
574ecdfb7509696722d8d5d4,6/1/2016 7:58:51 PM,6/1/2016 7:58:51 PM,56c6c309243cb728205a3dff,5749a5c0f138325e2d1c9e3d,56d448067ebb20624f75398f,1,0
574eeed37509696722d8d802,6/1/2016 10:18:59 PM,6/1/2016 10:18:59 PM,56c6c309243cb728205a3dff,5749a5c0f138325e2d1c9e3d,572b4e8923057a577bd46f40,1,0
574ef7e57509696722d8d8e6,6/1/2016 10:57:41 PM,6/1/2016 10:57:43 PM,56c6c309243cb728205a3dff,5749a5c0f138325e2d1c9e3d,57172404941def5f1cc49678,1,0
574f5f3220316a7222267c75,6/2/2016 6:18:26 AM,6/2/2016 6:18:26 AM,56c6c309243cb728205a3dff,5749a5c0f138325e2d1c9e3d,56d448067ebb20624f753939,1,0
574f64b37509696722d8de5d,6/2/2016 6:41:55 AM,6/2/2016 6:41:55 AM,56c6c309243cb728205a3dff,5749a7f1f138325e2d1c9e65,56d448067ebb20624f753939,1,0
574f793620316a7222267dd9,6/2/2016 8:09:26 AM,6/2/2016 8:09:26 AM,56c6c309243cb728205a3dff,5749a5c0f138325e2d1c9e3d,57382309dbb231191329d327,1,0
574f8be77509696722d8e17d,6/2/2016 9:29:11 AM,6/2/2016 9:29:11 AM,56c6c309243cb728205a3dff,5749a5c0f138325e2d1c9e3d,56e8f2e83c3e74753c194260,1,0
574fd0d620316a72222683b4,6/2/2016 2:23:18 PM,6/2/2016 2:23:18 PM,56c6c309243cb728205a3dff,5749a5c0f138325e2d1c9e3d,56d448127ebb20624f7541c7,1,0
574fd9ee7509696722d8e60c,6/2/2016 3:02:06 PM,6/2/2016 3:02:06 PM,56c6c309243cb728205a3dff,5749a5c0f138325e2d1c9e3d,571ad3cee12f4a713ccb854f,1,0
574fea4b20316a72222685b3,6/2/2016 4:11:55 PM,6/2/2016 4:11:55 PM,56c6c309243cb728205a3dff,5749a5c0f138325e2d1c9e3d,56f368a66a17ec356fd7a675,1,0
57501a5e20316a7222268878,6/2/2016 7:37:02 PM,6/2/2016 7:37:02 PM,56c6c309243cb728205a3dff,5749a5c0f138325e2d1c9e3d,5712e86400b42e972e80c280,1,0
5750356720316a7222268ea4,6/2/2016 9:32:23 PM,6/2/2016 9:32:23 PM,56c6c309243cb728205a3dff,574c34f2399d5d5765512fcd,56d448037ebb20624f7537d7,1,0
57503a427509696722d8ef84,6/2/2016 9:53:06 PM,6/2/2016 9:53:06 PM,56c6c309243cb728205a3dff,5749a5c0f138325e2d1c9e3d,5750363f20316a7222268eb2,1,0
575068c37509696722d8f5a4,6/3/2016 1:11:31 AM,6/3/2016 1:11:31 AM,56c6c309243cb728205a3dff,5749a5c0f138325e2d1c9e3d,575060937509696722d8f577,1,0
5750cb957509696722d8f8b8,6/3/2016 8:13:09 AM,6/3/2016 8:13:09 AM,56c6c309243cb728205a3dff,5749a5c0f138325e2d1c9e3d,56d448167ebb20624f75457c,1,0
5750ebb920316a7222269647,6/3/2016 10:30:17 AM,6/3/2016 10:30:17 AM,56c6c309243cb728205a3dff,574e937c20316a72222670e2,56d4480b7ebb20624f753e09,1,0
5750ebc47509696722d8fc71,6/3/2016 10:30:28 AM,6/3/2016 10:30:28 AM,56c6c309243cb728205a3dff,574fe9e27509696722d8e92d,56d4480b7ebb20624f753e09,1,0
5750ebd27509696722d8fc72,6/3/2016 10:30:42 AM,6/3/2016 10:30:42 AM,56c6c309243cb728205a3dff,574c34f2399d5d5765512fcd,56d4480b7ebb20624f753e09,1,0
5750fa3c20316a7222269745,6/3/2016 11:32:12 AM,6/3/2016 11:32:14 AM,56c6c309243cb728205a3dff,5749a5c0f138325e2d1c9e3d,571831f1941def5f1cc5132f,-1,0
5750fe647509696722d8fd7e,6/3/2016 11:49:56 AM,6/3/2016 11:49:56 AM,56c6c309243cb728205a3dff,5749a5c0f138325e2d1c9e3d,571bb3c5e3d39ad675662846,1,0
575101a17509696722d8fdaa,6/3/2016 12:03:45 PM,6/3/2016 12:03:45 PM,56c6c309243cb728205a3dff,5749a5c0f138325e2d1c9e3d,573fe0cbb089f67008757df7,1,0
5751401b20316a722226a7f0,6/3/2016 4:30:19 PM,6/3/2016 4:30:19 PM,56c6c309243cb728205a3dff,5749a5c0f138325e2d1c9e3d,56d448107ebb20624f7540b5,1,0
57517ebe7509696722d9059f,6/3/2016 8:57:34 PM,6/3/2016 8:57:34 PM,56c6c309243cb728205a3dff,574fe9e27509696722d8e92d,56d448137ebb20624f7542c3,1,0
5751884220316a722226ac64,6/3/2016 9:38:10 PM,6/3/2016 9:38:10 PM,56c6c309243cb728205a3dff,5749a5c0f138325e2d1c9e3d,56d448117ebb20624f75416d,1,0
57519b1f20316a722226adcc,6/3/2016 10:58:39 PM,6/3/2016 10:58:39 PM,56c6c309243cb728205a3dff,57511f2520316a72222699b5,56d4480b7ebb20624f753e09,1,0
575280497509696722d917ce,6/4/2016 3:16:25 PM,6/4/2016 3:16:25 PM,56c6c309243cb728205a3dff,5749a5c0f138325e2d1c9e3d,5745b56237b9b75e209d9918,1,0
5752912b7509696722d918b6,6/4/2016 4:28:27 PM,6/4/2016 4:28:27 PM,56c6c309243cb728205a3dff,57511f2520316a72222699b5,56e8f2dd3c3e74753c193e41,1,0
575293357509696722d918d1,6/4/2016 4:37:09 PM,6/4/2016 4:37:12 PM,56c6c309243cb728205a3dff,57511f2520316a72222699b5,56d448037ebb20624f753765,1,0
5752a2557509696722d919b1,6/4/2016 5:41:41 PM,6/4/2016 5:41:41 PM,56c6c309243cb728205a3dff,5749a5c0f138325e2d1c9e3d,56d448127ebb20624f754239,1,0
5752a5637509696722d919e1,6/4/2016 5:54:43 PM,6/4/2016 5:54:43 PM,56c6c309243cb728205a3dff,5749a5c0f138325e2d1c9e3d,5730312e1f2ab81730c83f20,1,0
5752c1e620316a722226c8cc,6/4/2016 7:56:22 PM,6/4/2016 7:56:22 PM,56c6c309243cb728205a3dff,5749a5c0f138325e2d1c9e3d,56d448087ebb20624f753adf,1,0
5752c9bb7509696722d91e00,6/4/2016 8:29:47 PM,6/4/2016 8:29:47 PM,56c6c309243cb728205a3dff,5749a5c0f138325e2d1c9e3d,56d4480c7ebb20624f753e5d,1,0
5752ca7f7509696722d91e31,6/4/2016 8:33:03 PM,6/4/2016 8:33:03 PM,56c6c309243cb728205a3dff,5749a5c0f138325e2d1c9e3d,5716d6cb941def5f1cc44336,1,0
5752cbd67509696722d91e6d,6/4/2016 8:38:46 PM,6/4/2016 8:38:47 PM,56c6c309243cb728205a3dff,575266f67509696722d91653,56d4480c7ebb20624f753e5d,1,0
5752d8d47d0a9f0c7a3667db,6/4/2016 9:34:12 PM,6/4/2016 9:34:12 PM,56c6c309243cb728205a3dff,5749a5c0f138325e2d1c9e3d,56d4480f7ebb20624f75405d,1,0
5752da9c7d0a9f0c7a3667fc,6/4/2016 9:41:48 PM,6/4/2016 9:41:48 PM,56c6c309243cb728205a3dff,575266f67509696722d91653,56d4480f7ebb20624f75405d,1,0
5752dc4f7d0a9f0c7a366812,6/4/2016 9:49:03 PM,6/4/2016 9:49:03 PM,56c6c309243cb728205a3dff,5749a5c0f138325e2d1c9e3d,56d448057ebb20624f7538ab,1,0
5752de767d0a9f0c7a366836,6/4/2016 9:58:14 PM,6/4/2016 9:58:14 PM,56c6c309243cb728205a3dff,575266f67509696722d91653,5741b1b6595a769e089b331a,1,0
57536acf745a13187a211b43,6/5/2016 7:57:03 AM,6/5/2016 7:57:03 AM,56c6c309243cb728205a3dff,57511f2520316a72222699b5,56d448057ebb20624f7538f1,1,0
57536b5b745a13187a211b4a,6/5/2016 7:59:23 AM,6/5/2016 7:59:23 AM,56c6c309243cb728205a3dff,574fe9e27509696722d8e92d,56d448057ebb20624f7538f1,1,0
575381b07d0a9f0c7a366dc2,6/5/2016 9:34:40 AM,6/5/2016 9:34:40 AM,56c6c309243cb728205a3dff,5749a5c0f138325e2d1c9e3d,571ace75e12f4a713ccb78f5,1,0
5753b4bc7d0a9f0c7a367472,6/5/2016 1:12:28 PM,6/5/2016 1:12:28 PM,56c6c309243cb728205a3dff,5749a5c0f138325e2d1c9e3d,574159d1595a769e089b3311,1,0
5753b88e7d0a9f0c7a3674b5,6/5/2016 1:28:46 PM,6/5/2016 1:28:46 PM,56c6c309243cb728205a3dff,5749a658f57b6d692dc0b9f0,56d4480d7ebb20624f753f85,1,0
5753c471745a13187a212561,6/5/2016 2:19:29 PM,6/5/2016 2:19:29 PM,56c6c309243cb728205a3dff,5749a6d4f138325e2d1c9e50,56d448127ebb20624f7541a9,1,0
5753cb15745a13187a212837,6/5/2016 2:47:49 PM,6/5/2016 2:47:52 PM,56c6c309243cb728205a3dff,57511f2520316a72222699b5,56e8f2ea3c3e74753c194344,1,0
5753eec15e8fdffc6d4418db,6/5/2016 5:20:01 PM,6/5/2016 5:20:01 PM,56c6c309243cb728205a3dff,575266f67509696722d91653,57121fdf00b42e972e808e28,1,0
57540208034314f16d4a2d7b,6/5/2016 6:42:16 PM,6/5/2016 6:42:16 PM,56c6c309243cb728205a3dff,574e937c20316a72222670e2,56d4480a7ebb20624f753d39,1,0
57540bdd5e8fdffc6d441ae6,6/5/2016 7:24:13 PM,6/5/2016 7:24:13 PM,56c6c309243cb728205a3dff,5749a5c0f138325e2d1c9e3d,56d4480b7ebb20624f753d7f,1,0
57541fc7034314f16d4a2f69,6/5/2016 8:49:11 PM,6/5/2016 8:49:11 PM,56c6c309243cb728205a3dff,57511f2520316a72222699b5,56d448127ebb20624f7541e7,1,0
57543433034314f16d4a30b7,6/5/2016 10:16:19 PM,6/5/2016 10:16:19 PM,56c6c309243cb728205a3dff,57511f2520316a72222699b5,56d448097ebb20624f753bb9,1,0
5754396c5e8fdffc6d441dd2,6/5/2016 10:38:36 PM,6/5/2016 10:38:36 PM,56c6c309243cb728205a3dff,575392487d0a9f0c7a366eb4,56d448037ebb20624f7537bf,1,0
575457d2034314f16d4a33b2,6/6/2016 12:48:18 AM,6/6/2016 12:48:18 AM,56c6c309243cb728205a3dff,5749a5c0f138325e2d1c9e3d,56d448087ebb20624f753acd,1,0
57545a5f5e8fdffc6d442410,6/6/2016 12:59:11 AM,6/6/2016 12:59:11 AM,56c6c309243cb728205a3dff,575392487d0a9f0c7a366eb4,56d448087ebb20624f753acd,1,0
57545cf4034314f16d4a33d3,6/6/2016 1:10:12 AM,6/6/2016 1:10:12 AM,56c6c309243cb728205a3dff,575266f67509696722d91653,56d448087ebb20624f753acd,1,0
57545ef4034314f16d4a33e5,6/6/2016 1:18:44 AM,6/6/2016 1:18:44 AM,56c6c309243cb728205a3dff,57511f2520316a72222699b5,56d448087ebb20624f753acd,1,0
575461c4034314f16d4a33f5,6/6/2016 1:30:44 AM,6/6/2016 1:30:44 AM,56c6c309243cb728205a3dff,574c34f2399d5d5765512fcd,56d448087ebb20624f753acd,1,0
575464bf5e8fdffc6d442448,6/6/2016 1:43:27 AM,6/6/2016 1:43:27 AM,56c6c309243cb728205a3dff,5749a7f1f138325e2d1c9e65,56d448087ebb20624f753acd,1,0
5754661f034314f16d4a3405,6/6/2016 1:49:19 AM,6/6/2016 1:49:19 AM,56c6c309243cb728205a3dff,5749a6d4f138325e2d1c9e50,56d448087ebb20624f753acd,1,0
5754f6095e8fdffc6d442c67,6/6/2016 12:03:21 PM,6/6/2016 12:03:22 PM,56c6c309243cb728205a3dff,57511f2520316a72222699b5,56e8f2e63c3e74753c194197,-1,0
5754fa3e5e8fdffc6d442c9b,6/6/2016 12:21:18 PM,6/6/2016 12:21:18 PM,56c6c309243cb728205a3dff,57511f2520316a72222699b5,5754f74a034314f16d4a3847,1,0
5755025b5e8fdffc6d442e66,6/6/2016 12:55:55 PM,6/6/2016 12:55:55 PM,56c6c309243cb728205a3dff,57511f2520316a72222699b5,571ad1d9e12f4a713ccb83ba,1,0
57552469034314f16d4a3b5d,6/6/2016 3:21:13 PM,6/6/2016 3:21:13 PM,56c6c309243cb728205a3dff,57511f2520316a72222699b5,56d4480e7ebb20624f754043,1,0
575543db5e8fdffc6d4431dc,6/6/2016 5:35:23 PM,6/6/2016 5:35:23 PM,56c6c309243cb728205a3dff,57511f2520316a72222699b5,56e8f2ea3c3e74753c19435a,1,0
5755462d5e8fdffc6d4431f7,6/6/2016 5:45:17 PM,6/6/2016 5:45:17 PM,56c6c309243cb728205a3dff,57511f2520316a72222699b5,56d4480e7ebb20624f754039,1,0
57555c0d034314f16d4a3e20,6/6/2016 7:18:37 PM,6/6/2016 7:18:37 PM,56c6c309243cb728205a3dff,57511f2520316a72222699b5,5737d448bba884241310fe90,1,0
57555feb46dc071d3d95a04a,6/6/2016 7:35:07 PM,6/6/2016 7:35:11 PM,56c6c309243cb728205a3dff,57511f2520316a72222699b5,56d448177ebb20624f7545bc,-1,0
575561ca497a822b3d6f3e8a,6/6/2016 7:43:06 PM,6/6/2016 7:43:06 PM,56c6c309243cb728205a3dff,57511f2520316a72222699b5,56d448167ebb20624f7544ee,1,0
57557b9a497a822b3d6f3ff9,6/6/2016 9:33:14 PM,6/6/2016 9:33:14 PM,56c6c309243cb728205a3dff,57511f2520316a72222699b5,571b3b46472cd1c85c128f6e,1,0
5755874046dc071d3d95a20f,6/6/2016 10:22:56 PM,6/6/2016 10:22:56 PM,56c6c309243cb728205a3dff,57511f2520316a72222699b5,573fe0cbb089f67008757df7,1,0
57559284497a822b3d6f417d,6/6/2016 11:11:00 PM,6/6/2016 11:11:00 PM,56c6c309243cb728205a3dff,57511f2520316a72222699b5,57178e4b941def5f1cc4ea66,1,0
57561c8946dc071d3d95a6ff,6/7/2016 8:59:53 AM,6/7/2016 8:59:53 AM,56c6c309243cb728205a3dff,57511f2520316a72222699b5,57561b75497a822b3d6f4742,1,0
57562924497a822b3d6f47c2,6/7/2016 9:53:40 AM,6/7/2016 9:53:40 AM,56c6c309243cb728205a3dff,57511f2520316a72222699b5,57172404941def5f1cc49678,1,0
57562be346dc071d3d95a878,6/7/2016 10:05:23 AM,6/7/2016 10:05:25 AM,56c6c309243cb728205a3dff,57511f2520316a72222699b5,56d448097ebb20624f753b97,1,0
57565254497a822b3d6f49ac,6/7/2016 12:49:24 PM,6/7/2016 12:49:24 PM,56c6c309243cb728205a3dff,57511f2520316a72222699b5,57219a9f1dc2dba0787fbc1d,1,0
5756780b46dc071d3d95ae9e,6/7/2016 3:30:19 PM,6/7/2016 3:30:21 PM,56c6c309243cb728205a3dff,57511f2520316a72222699b5,56d448137ebb20624f7542bd,1,0
5756846e46dc071d3d95af03,6/7/2016 4:23:10 PM,6/7/2016 4:23:10 PM,56c6c309243cb728205a3dff,5749a658f57b6d692dc0b9f0,56d448127ebb20624f754235,1,0
5756879d497a822b3d6f4bc1,6/7/2016 4:36:45 PM,6/7/2016 4:36:45 PM,56c6c309243cb728205a3dff,57511f2520316a72222699b5,5714b337941def5f1cc3b3e1,1,0
575690c7497a822b3d6f4c26,6/7/2016 5:15:51 PM,6/7/2016 5:15:54 PM,56c6c309243cb728205a3dff,5749a6d4f138325e2d1c9e50,56d448087ebb20624f753adf,-1,0
575696f646dc071d3d95afd9,6/7/2016 5:42:14 PM,6/7/2016 5:42:14 PM,56c6c309243cb728205a3dff,57511f2520316a72222699b5,56d448137ebb20624f754325,1,0
5756bd76497a822b3d6f4e9c,6/7/2016 8:26:30 PM,6/7/2016 8:27:32 PM,56c6c309243cb728205a3dff,57562abe46dc071d3d95a786,56e8f2e63c3e74753c194197,-1,0
5756c118497a822b3d6f50ba,6/7/2016 8:42:00 PM,6/7/2016 8:42:00 PM,56c6c309243cb728205a3dff,57511f2520316a72222699b5,56d448097ebb20624f753c51,1,0
5756d09746dc071d3d95b29c,6/7/2016 9:48:07 PM,6/7/2016 9:48:07 PM,56c6c309243cb728205a3dff,57511f2520316a72222699b5,56d448157ebb20624f7544b0,1,0
5756d46e46dc071d3d95b2cb,6/7/2016 10:04:30 PM,6/7/2016 10:04:30 PM,56c6c309243cb728205a3dff,57511f2520316a72222699b5,56d448137ebb20624f7542e9,1,0
5756d7fd46dc071d3d95b305,6/7/2016 10:19:42 PM,6/7/2016 10:19:43 PM,56c6c309243cb728205a3dff,57511f2520316a72222699b5,56d448107ebb20624f7540b7,1,0
5756e06246dc071d3d95b39b,6/7/2016 10:55:30 PM,6/7/2016 10:55:30 PM,56c6c309243cb728205a3dff,57511f2520316a72222699b5,571ad303e12f4a713ccb84d8,1,0
5756e8b846dc071d3d95b43a,6/7/2016 11:31:04 PM,6/7/2016 11:31:04 PM,56c6c309243cb728205a3dff,57511f2520316a72222699b5,56d448147ebb20624f75438d,1,0
5756ea29497a822b3d6f5582,6/7/2016 11:37:13 PM,6/7/2016 11:37:13 PM,56c6c309243cb728205a3dff,5749a7f1f138325e2d1c9e65,56d4480f7ebb20624f754065,1,0
5756f50046dc071d3d95b4ce,6/8/2016 12:23:28 AM,6/8/2016 12:23:28 AM,56c6c309243cb728205a3dff,5749a5c0f138325e2d1c9e3d,56d4480e7ebb20624f753fbd,1,0
5756fbc5497a822b3d6f56b9,6/8/2016 12:52:21 AM,6/8/2016 12:52:21 AM,56c6c309243cb728205a3dff,5749a658f57b6d692dc0b9f0,56d448147ebb20624f75438d,1,0
57575a7b497a822b3d6f5840,6/8/2016 7:36:27 AM,6/8/2016 7:36:27 AM,56c6c309243cb728205a3dff,57511f2520316a72222699b5,56ee254a57b4adbc14f52f01,1,0
57575c72497a822b3d6f5863,6/8/2016 7:44:50 AM,6/8/2016 7:44:50 AM,56c6c309243cb728205a3dff,574fe9e27509696722d8e92d,56d448157ebb20624f754484,1,0
5757683e497a822b3d6f59b8,6/8/2016 8:35:10 AM,6/8/2016 8:35:10 AM,56c6c309243cb728205a3dff,5749a5c0f138325e2d1c9e3d,56d448137ebb20624f7542f9,1,0
5757858b46dc071d3d95bc55,6/8/2016 10:40:11 AM,6/8/2016 10:40:11 AM,56c6c309243cb728205a3dff,5749a6d4f138325e2d1c9e50,56d448137ebb20624f75432b,1,0
575797f2497a822b3d6f5bee,6/8/2016 11:58:42 AM,6/8/2016 11:58:42 AM,56c6c309243cb728205a3dff,57511f2520316a72222699b5,571ad35be12f4a713ccb8504,1,0
57579c87120ba2fe35dc75ee,6/8/2016 12:18:15 PM,6/8/2016 12:18:15 PM,56c6c309243cb728205a3dff,57511f2520316a72222699b5,56e8f2e93c3e74753c1942e1,1,0
5757a50c3d35c20936fb7626,6/8/2016 12:54:36 PM,6/8/2016 12:54:38 PM,56c6c309243cb728205a3dff,57579b77120ba2fe35dc75ce,56e8f2ea3c3e74753c19435a,1,0
5757b40a120ba2fe35dc771e,6/8/2016 1:58:34 PM,6/8/2016 1:58:34 PM,56c6c309243cb728205a3dff,57579b77120ba2fe35dc75ce,56d448137ebb20624f7542c1,1,0
5757d046120ba2fe35dc786a,6/8/2016 3:59:02 PM,6/8/2016 3:59:02 PM,56c6c309243cb728205a3dff,57511f2520316a72222699b5,571afafae12f4a713ccbfd52,1,0
5757e77e3d35c20936fb8055,6/8/2016 5:38:06 PM,6/8/2016 5:38:06 PM,56c6c309243cb728205a3dff,57511f2520316a72222699b5,57032dee41538db44fa42f73,1,0
5757f7953d35c20936fb810f,6/8/2016 6:46:45 PM,6/8/2016 6:46:45 PM,56c6c309243cb728205a3dff,5754d61c034314f16d4a36c8,56d448157ebb20624f754472,1,0
5758018c120ba2fe35dc7c9f,6/8/2016 7:29:16 PM,6/8/2016 7:29:16 PM,56c6c309243cb728205a3dff,5749a5c0f138325e2d1c9e3d,56d448137ebb20624f7542e9,1,0
57581bbc120ba2fe35dc7db5,6/8/2016 9:21:00 PM,6/8/2016 9:21:00 PM,56c6c309243cb728205a3dff,57562abe46dc071d3d95a786,56d448057ebb20624f7538f1,1,0
57581c01120ba2fe35dc7db9,6/8/2016 9:22:09 PM,6/8/2016 9:22:09 PM,56c6c309243cb728205a3dff,57579b77120ba2fe35dc75ce,56d448057ebb20624f7538f1,1,0
57583d193d35c20936fb85cc,6/8/2016 11:43:21 PM,6/8/2016 11:43:21 PM,56c6c309243cb728205a3dff,57579b77120ba2fe35dc75ce,56d448137ebb20624f7542e9,1,0
575844ae120ba2fe35dc801b,6/9/2016 12:15:42 AM,6/9/2016 12:15:42 AM,56c6c309243cb728205a3dff,57579b77120ba2fe35dc75ce,56d4480e7ebb20624f753fbd,-1,0
5758ab13120ba2fe35dc8173,6/9/2016 7:32:35 AM,6/9/2016 7:32:35 AM,56c6c309243cb728205a3dff,57562abe46dc071d3d95a786,56d448027ebb20624f75372b,1,0
5758adbd120ba2fe35dc818a,6/9/2016 7:43:57 AM,6/9/2016 7:43:57 AM,56c6c309243cb728205a3dff,5754d61c034314f16d4a36c8,56d448027ebb20624f75372b,1,0
5758cb7f3d35c20936fb8b70,6/9/2016 9:50:55 AM,6/9/2016 9:50:55 AM,56c6c309243cb728205a3dff,57562abe46dc071d3d95a786,56e8f2e83c3e74753c19427e,1,0
5758f1323d35c20936fb8d2f,6/9/2016 12:31:46 PM,6/9/2016 12:31:46 PM,56c6c309243cb728205a3dff,5749a6d4f138325e2d1c9e50,56d448067ebb20624f753925,1,0
5758fb09120ba2fe35dc87b9,6/9/2016 1:13:45 PM,6/9/2016 1:13:45 PM,56c6c309243cb728205a3dff,5749a5c0f138325e2d1c9e3d,571ac420e12f4a713ccb2810,1,0
57591d933d35c20936fb8ee0,6/9/2016 3:41:07 PM,6/9/2016 3:41:07 PM,56c6c309243cb728205a3dff,57511f2520316a72222699b5,571a0d9be12f4a713ccaff7b,1,0
575938b9a43ca0fb2b49fd09,6/9/2016 5:36:57 PM,6/9/2016 5:36:57 PM,56c6c309243cb728205a3dff,57511f2520316a72222699b5,5714a142941def5f1cc3ad89,1,0
57595eeea43ca0fb2b49fe76,6/9/2016 8:19:58 PM,6/9/2016 8:19:58 PM,56c6c309243cb728205a3dff,5758d47c3d35c20936fb8bde,56d448097ebb20624f753bed,1,0
57598189a43ca0fb2b4a000b,6/9/2016 10:47:37 PM,6/9/2016 10:47:37 PM,56c6c309243cb728205a3dff,5758d47c3d35c20936fb8bde,570492c9ea953e8f30e0cbda,1,0
5759832c1e7bd8002cc36a9c,6/9/2016 10:54:36 PM,6/9/2016 10:54:36 PM,56c6c309243cb728205a3dff,57562abe46dc071d3d95a786,56d448137ebb20624f7542e9,1,0
57598a801e7bd8002cc36aed,6/9/2016 11:25:52 PM,6/9/2016 11:25:52 PM,56c6c309243cb728205a3dff,5758d47c3d35c20936fb8bde,56d448137ebb20624f7542e9,1,0
5759913ba43ca0fb2b4a00ca,6/9/2016 11:54:35 PM,6/9/2016 11:54:35 PM,56c6c309243cb728205a3dff,575392487d0a9f0c7a366eb4,56d448137ebb20624f7542e9,1,0
575a0302a43ca0fb2b4a0377,6/10/2016 8:00:02 AM,6/10/2016 8:00:02 AM,56c6c309243cb728205a3dff,57562abe46dc071d3d95a786,56e8f2e93c3e74753c1942cc,1,0
575a3b2a7d0ac22319200060,6/10/2016 11:59:38 AM,6/10/2016 11:59:38 AM,56c6c309243cb728205a3dff,575a30d41e7bd8002cc36f89,56d448067ebb20624f753925,1,0
575a5609808ab1681c1ba8ec,6/10/2016 1:54:17 PM,6/10/2016 1:54:17 PM,56c6c309243cb728205a3dff,575a30d41e7bd8002cc36f89,56d448107ebb20624f7540b5,1,0
575a57cae7d85c5d1c086518,6/10/2016 2:01:46 PM,6/10/2016 2:01:47 PM,56c6c309243cb728205a3dff,57511f2520316a72222699b5,57583e653d35c20936fb85e9,1,0
575a5cab808ab1681c1ba91f,6/10/2016 2:22:35 PM,6/10/2016 2:22:35 PM,56c6c309243cb728205a3dff,57511f2520316a72222699b5,57186cbb941def5f1cc52644,1,0
575a5cc1808ab1681c1ba921,6/10/2016 2:22:57 PM,6/10/2016 2:23:02 PM,56c6c309243cb728205a3dff,5754d61c034314f16d4a36c8,56d448097ebb20624f753c4f,-1,0
575a6286e7d85c5d1c08657e,6/10/2016 2:47:34 PM,6/10/2016 2:47:34 PM,56c6c309243cb728205a3dff,57579b77120ba2fe35dc75ce,57130a8e00b42e972e80ef82,1,0
575ac28fa3876a7858b4b281,6/10/2016 9:37:19 PM,6/10/2016 9:37:19 PM,56c6c309243cb728205a3dff,575a30d41e7bd8002cc36f89,56d448087ebb20624f753b51,1,0
575ae266a3876a7858b4b478,6/10/2016 11:53:10 PM,6/10/2016 11:53:10 PM,56c6c309243cb728205a3dff,57511f2520316a72222699b5,56d448087ebb20624f753ab9,1,0
575afe08a3876a7858b4b527,6/11/2016 1:51:04 AM,6/11/2016 1:51:04 AM,56c6c309243cb728205a3dff,574c34f2399d5d5765512fcd,56d448057ebb20624f7538b7,1,0
575b4d2c66063f6d58c35c37,6/11/2016 7:28:44 AM,6/11/2016 7:28:44 AM,56c6c309243cb728205a3dff,57511f2520316a72222699b5,56d448167ebb20624f75456a,1,0
575b4ed5a3876a7858b4ba70,6/11/2016 7:35:49 AM,6/11/2016 7:35:49 AM,56c6c309243cb728205a3dff,57511f2520316a72222699b5,56d448067ebb20624f753925,1,0
575b6d8266063f6d58c35ecd,6/11/2016 9:46:42 AM,6/11/2016 9:46:44 AM,56c6c309243cb728205a3dff,574c34f2399d5d5765512fcd,56d448047ebb20624f7537df,1,0
575b78a6a3876a7858b4bd27,6/11/2016 10:34:14 AM,6/11/2016 10:34:14 AM,56c6c309243cb728205a3dff,574e937c20316a72222670e2,56d4480c7ebb20624f753e7d,1,0
575b92d466063f6d58c360e1,6/11/2016 12:25:56 PM,6/11/2016 12:25:58 PM,56c6c309243cb728205a3dff,575ad53766063f6d58c359fc,56d4480c7ebb20624f753e1f,1,0
575bb8e766063f6d58c362d6,6/11/2016 3:08:23 PM,6/11/2016 3:08:23 PM,56c6c309243cb728205a3dff,575ad53766063f6d58c359fc,5710cb101a5c664a494355f5,1,0
575beb41538df4221eba72f0,6/11/2016 6:43:13 PM,6/11/2016 6:43:13 PM,56c6c309243cb728205a3dff,57511f2520316a72222699b5,575b44aba3876a7858b4b5c4,1,0
575c13f31694829a28aa2d5e,6/11/2016 9:36:51 PM,6/11/2016 9:36:51 PM,56c6c309243cb728205a3dff,57511f2520316a72222699b5,56d448037ebb20624f753799,1,0
575c241a1694829a28aa323b,6/11/2016 10:45:46 PM,6/11/2016 10:45:46 PM,56c6c309243cb728205a3dff,575ad53766063f6d58c359fc,56d448137ebb20624f7542e9,1,0
575cb0e11694829a28aa35e6,6/12/2016 8:46:25 AM,6/12/2016 8:46:25 AM,56c6c309243cb728205a3dff,57511f2520316a72222699b5,56d448127ebb20624f7541a9,1,0
575cb4f5fc5e9c8e28e6ab90,6/12/2016 9:03:49 AM,6/12/2016 9:03:49 AM,56c6c309243cb728205a3dff,57562abe46dc071d3d95a786,56d448127ebb20624f7541a9,1,0
575cc8a4fc5e9c8e28e6acbf,6/12/2016 10:27:48 AM,6/12/2016 10:27:48 AM,56c6c309243cb728205a3dff,57511f2520316a72222699b5,5750d61a595a769e089b33af,1,0
575cd3acfc5e9c8e28e6ad1c,6/12/2016 11:14:52 AM,6/12/2016 11:14:52 AM,56c6c309243cb728205a3dff,57511f2520316a72222699b5,575cc98afc5e9c8e28e6acc9,1,0
575cdd6e1694829a28aa37ce,6/12/2016 11:56:30 AM,6/12/2016 11:56:30 AM,56c6c309243cb728205a3dff,57511f2520316a72222699b5,572ace9b224f03571010e658,1,0
575cf4e31694829a28aa38d3,6/12/2016 1:36:35 PM,6/12/2016 1:36:35 PM,56c6c309243cb728205a3dff,574c34f2399d5d5765512fcd,56d448107ebb20624f7540b5,1,0
575cf5d01694829a28aa38df,6/12/2016 1:40:32 PM,6/12/2016 1:40:32 PM,56c6c309243cb728205a3dff,57579b77120ba2fe35dc75ce,56d448127ebb20624f7541a9,1,0
575cfb571694829a28aa392c,6/12/2016 2:04:07 PM,6/12/2016 2:04:07 PM,56c6c309243cb728205a3dff,574c34f2399d5d5765512fcd,56d448127ebb20624f7541a9,1,0
575d63cd1694829a28aa3fad,6/12/2016 9:29:49 PM,6/12/2016 9:29:49 PM,56c6c309243cb728205a3dff,5749a658f57b6d692dc0b9f0,56d448157ebb20624f75446e,1,0
575d65841694829a28aa3fc0,6/12/2016 9:37:08 PM,6/12/2016 9:37:08 PM,56c6c309243cb728205a3dff,575cdc481694829a28aa37c4,573c8cf4a6e0692a3acabed5,1,0
575d795afc5e9c8e28e6b969,6/12/2016 11:01:46 PM,6/12/2016 11:01:46 PM,56c6c309243cb728205a3dff,5758d47c3d35c20936fb8bde,56d448137ebb20624f75430f,1,0
575d89b51694829a28aa4208,6/13/2016 12:11:33 AM,6/13/2016 12:11:33 AM,56c6c309243cb728205a3dff,575ad53766063f6d58c359fc,571b0328e12f4a713ccc14a1,1,0
575de072fc5e9c8e28e6bbf3,6/13/2016 6:21:38 AM,6/13/2016 6:21:42 AM,56c6c309243cb728205a3dff,575ad53766063f6d58c359fc,56d448057ebb20624f7538b3,1,0
575de0f71694829a28aa4377,6/13/2016 6:23:51 AM,6/13/2016 6:23:51 AM,56c6c309243cb728205a3dff,575a30d41e7bd8002cc36f89,56d448137ebb20624f754287,1,0
575df98bfc5e9c8e28e6bd3b,6/13/2016 8:08:43 AM,6/13/2016 8:08:43 AM,56c6c309243cb728205a3dff,575cdc481694829a28aa37c4,56d448157ebb20624f75443e,1,0
575dff00fc5e9c8e28e6bd7d,6/13/2016 8:32:00 AM,6/13/2016 8:32:00 AM,56c6c309243cb728205a3dff,575ad53766063f6d58c359fc,575cc98afc5e9c8e28e6acc9,1,0
575e11691694829a28aa4629,6/13/2016 9:50:33 AM,6/13/2016 9:50:33 AM,56c6c309243cb728205a3dff,5749a5c0f138325e2d1c9e3d,56d448167ebb20624f754512,1,0
575e2807fc5e9c8e28e6bfc4,6/13/2016 11:27:03 AM,6/13/2016 11:27:03 AM,56c6c309243cb728205a3dff,575a30d41e7bd8002cc36f89,56d4480e7ebb20624f75401d,1,0
575e7a57fc5e9c8e28e6c52d,6/13/2016 5:18:15 PM,6/13/2016 5:18:15 PM,56c6c309243cb728205a3dff,575e2fd1fc5e9c8e28e6c03d,56d448057ebb20624f7538f1,1,0
575e8f801694829a28aa4de7,6/13/2016 6:48:32 PM,6/13/2016 6:48:32 PM,56c6c309243cb728205a3dff,575cdc481694829a28aa37c4,56d448157ebb20624f75448c,1,0
575eaad31694829a28aa5325,6/13/2016 8:45:07 PM,6/13/2016 8:45:07 PM,56c6c309243cb728205a3dff,575e2fd1fc5e9c8e28e6c03d,56d448157ebb20624f754414,1,0
575f625f1694829a28aa59ad,6/14/2016 9:48:15 AM,6/14/2016 9:48:15 AM,56c6c309243cb728205a3dff,575ad53766063f6d58c359fc,575f61241694829a28aa59a2,1,0
575f6a601694829a28aa5a1b,6/14/2016 10:22:24 AM,6/14/2016 10:22:24 AM,56c6c309243cb728205a3dff,575ad53766063f6d58c359fc,56d448167ebb20624f754568,1,0
575f7c41fc5e9c8e28e6d6fd,6/14/2016 11:38:41 AM,6/14/2016 11:38:41 AM,56c6c309243cb728205a3dff,57562abe46dc071d3d95a786,56d448137ebb20624f75430f,1,0
575f8a4e1694829a28aa5c1d,6/14/2016 12:38:38 PM,6/14/2016 12:38:38 PM,56c6c309243cb728205a3dff,575f83c91694829a28aa5b90,56d448037ebb20624f7537d7,1,0
575f9eeefc5e9c8e28e6d91c,6/14/2016 2:06:38 PM,6/14/2016 2:06:38 PM,56c6c309243cb728205a3dff,575f83c91694829a28aa5b90,56d448167ebb20624f754568,1,0
575fa5f51694829a28aa5de5,6/14/2016 2:36:37 PM,6/14/2016 2:36:40 PM,56c6c309243cb728205a3dff,575f83c91694829a28aa5b90,56d448077ebb20624f7539ed,1,0
575fb7eefc5e9c8e28e6da63,6/14/2016 3:53:18 PM,6/14/2016 3:53:18 PM,56c6c309243cb728205a3dff,575ad53766063f6d58c359fc,56d448097ebb20624f753c4b,1,0
575fdb611694829a28aa6004,6/14/2016 6:24:33 PM,6/14/2016 6:24:35 PM,56c6c309243cb728205a3dff,575f83c91694829a28aa5b90,56d448137ebb20624f7542eb,1,0
575fdc3efc5e9c8e28e6dbe0,6/14/2016 6:28:14 PM,6/14/2016 6:28:14 PM,56c6c309243cb728205a3dff,575e2fd1fc5e9c8e28e6c03d,571ac420e12f4a713ccb2810,1,0
575fe80bfc5e9c8e28e6dc70,6/14/2016 7:18:35 PM,6/14/2016 7:18:35 PM,56c6c309243cb728205a3dff,575f83c91694829a28aa5b90,56d448057ebb20624f7538f1,1,0
576005131694829a28aa629f,6/14/2016 9:22:27 PM,6/14/2016 9:22:27 PM,56c6c309243cb728205a3dff,575f83c91694829a28aa5b90,56d448157ebb20624f7544cc,1,0
576015811694829a28aa637a,6/14/2016 10:32:33 PM,6/14/2016 10:32:33 PM,56c6c309243cb728205a3dff,575ad53766063f6d58c359fc,56d448137ebb20624f7542c5,1,0
57601be41694829a28aa63f0,6/14/2016 10:59:48 PM,6/14/2016 10:59:48 PM,56c6c309243cb728205a3dff,575f83c91694829a28aa5b90,56d448167ebb20624f7544ec,1,0
57602baefc5e9c8e28e6e002,6/15/2016 12:07:10 AM,6/15/2016 12:07:12 AM,56c6c309243cb728205a3dff,575f83c91694829a28aa5b90,56d4480d7ebb20624f753ed9,-1,0
576093e11694829a28aa6965,6/15/2016 7:31:45 AM,6/15/2016 7:31:45 AM,56c6c309243cb728205a3dff,575f83c91694829a28aa5b90,56d448067ebb20624f753925,1,0
5760a15e1694829a28aa6a36,6/15/2016 8:29:18 AM,6/15/2016 8:29:18 AM,56c6c309243cb728205a3dff,575ad53766063f6d58c359fc,56d4480b7ebb20624f753d7f,1,0
5760ae1ffc5e9c8e28e6e2d3,6/15/2016 9:23:43 AM,6/15/2016 9:23:45 AM,56c6c309243cb728205a3dff,575f83c91694829a28aa5b90,56e8f2e83c3e74753c19429c,1,0
5760dbd2fc5e9c8e28e6e4b3,6/15/2016 12:38:42 PM,6/15/2016 12:38:42 PM,56c6c309243cb728205a3dff,5760d8d01694829a28aa6dee,56e8f2ea3c3e74753c194344,1,0
5760dfd71694829a28aa6e36,6/15/2016 12:55:51 PM,6/15/2016 12:55:51 PM,56c6c309243cb728205a3dff,574fe9e27509696722d8e92d,56d4480b7ebb20624f753d4f,1,0
5760f561fc5e9c8e28e6e5b5,6/15/2016 2:27:45 PM,6/15/2016 2:27:45 PM,56c6c309243cb728205a3dff,57562abe46dc071d3d95a786,56d448117ebb20624f75415d,1,0
5760fd731694829a28aa6f45,6/15/2016 3:02:11 PM,6/15/2016 3:02:11 PM,56c6c309243cb728205a3dff,5760d8d01694829a28aa6dee,56d448107ebb20624f7540b5,1,0
5760fe621694829a28aa6f4d,6/15/2016 3:06:10 PM,6/15/2016 3:06:10 PM,56c6c309243cb728205a3dff,575ad53766063f6d58c359fc,575fc6e91694829a28aa5f15,1,0
57611f0b1694829a28aa708e,6/15/2016 5:25:31 PM,6/15/2016 5:25:32 PM,56c6c309243cb728205a3dff,575ad53766063f6d58c359fc,5742f1dc37b9b75e209d4aff,-1,0
57617a6cfc5e9c8e28e6f149,6/15/2016 11:55:24 PM,6/15/2016 11:55:24 PM,56c6c309243cb728205a3dff,575ad53766063f6d58c359fc,56d448127ebb20624f7541c3,1,0
5761b4ac1694829a28aa74c3,6/16/2016 4:03:56 AM,6/16/2016 4:03:56 AM,56c6c309243cb728205a3dff,575f83c91694829a28aa5b90,57479f13595a769e089b3357,1,0
5762321dfc5e9c8e28e70760,6/16/2016 12:59:09 PM,6/16/2016 12:59:11 PM,56c6c309243cb728205a3dff,57620f1bfc5e9c8e28e6f581,56d448047ebb20624f753827,1,0
576239a1fc5e9c8e28e707b2,6/16/2016 1:31:13 PM,6/16/2016 1:31:13 PM,56c6c309243cb728205a3dff,57620f1bfc5e9c8e28e6f581,56e8f2ea3c3e74753c194344,1,0
576249c71694829a28aa7afb,6/16/2016 2:40:07 PM,6/16/2016 2:40:07 PM,56c6c309243cb728205a3dff,5760d8d01694829a28aa6dee,56d4480a7ebb20624f753c89,1,0
576260811694829a28aa7c60,6/16/2016 4:17:05 PM,6/16/2016 4:17:05 PM,56c6c309243cb728205a3dff,57620f1bfc5e9c8e28e6f581,56d448137ebb20624f75433d,1,0
57626b90fc5e9c8e28e709af,6/16/2016 5:04:16 PM,6/16/2016 5:04:16 PM,56c6c309243cb728205a3dff,575ad53766063f6d58c359fc,5705d6ebc535009978adb13d,1,0
57626be31694829a28aa84ef,6/16/2016 5:05:39 PM,6/16/2016 5:05:39 PM,56c6c309243cb728205a3dff,57620f1bfc5e9c8e28e6f581,56d4480c7ebb20624f753eb3,1,0
5762b0c9fc5e9c8e28e70c78,6/16/2016 9:59:37 PM,6/16/2016 9:59:37 PM,56c6c309243cb728205a3dff,5760d8d01694829a28aa6dee,56d448117ebb20624f75415d,1,0
5762d540fc5e9c8e28e70e97,6/17/2016 12:35:12 AM,6/17/2016 12:35:12 AM,56c6c309243cb728205a3dff,575ad53766063f6d58c359fc,575f59751694829a28aa5945,1,0
5763302dfc5e9c8e28e70fd2,6/17/2016 7:03:09 AM,6/17/2016 7:03:09 AM,56c6c309243cb728205a3dff,575f83c91694829a28aa5b90,56d448097ebb20624f753b97,1,0
576333aefc5e9c8e28e71002,6/17/2016 7:18:06 AM,6/17/2016 7:18:06 AM,56c6c309243cb728205a3dff,5760d8d01694829a28aa6dee,56d448097ebb20624f753b91,1,0
57633dc5fc5e9c8e28e7106d,6/17/2016 8:01:09 AM,6/17/2016 8:01:09 AM,56c6c309243cb728205a3dff,5760d8d01694829a28aa6dee,56d448177ebb20624f75459c,1,0
576411ce6fd977cf720500f9,6/17/2016 11:05:50 PM,6/17/2016 11:05:50 PM,56c6c309243cb728205a3dff,57620f1bfc5e9c8e28e6f581,56e8f2e93c3e74753c1942e8,1,0
57641af8656972da72e09734,6/17/2016 11:44:56 PM,6/17/2016 11:44:56 PM,56c6c309243cb728205a3dff,5758d47c3d35c20936fb8bde,57641a626fd977cf72050154,1,0
5764f09c8a7bb32d3bc9000e,6/18/2016 2:56:28 PM,6/18/2016 2:56:30 PM,56c6c309243cb728205a3dff,574e937c20316a72222670e2,56ee254a57b4adbc14f52f01,1,0
57650b2acbaf43383bfb72ab,6/18/2016 4:49:46 PM,6/18/2016 4:49:46 PM,56c6c309243cb728205a3dff,576376e31694829a28aa8f36,56d448167ebb20624f754506,1,0
57651dd08a7bb32d3bc902d1,6/18/2016 6:09:20 PM,6/18/2016 6:09:20 PM,56c6c309243cb728205a3dff,5764c94d066b497e09e0f943,56d448127ebb20624f75418d,1,0
57651e2fcbaf43383bfb7376,6/18/2016 6:10:55 PM,6/18/2016 6:10:55 PM,56c6c309243cb728205a3dff,5764c94d066b497e09e0f943,56d448167ebb20624f754568,1,0
57652d998a7bb32d3bc90386,6/18/2016 7:16:41 PM,6/18/2016 7:16:41 PM,56c6c309243cb728205a3dff,5758d47c3d35c20936fb8bde,571ace75e12f4a713ccb78f5,1,0
576541708a7bb32d3bc9047e,6/18/2016 8:41:20 PM,6/18/2016 8:41:20 PM,56c6c309243cb728205a3dff,5758d47c3d35c20936fb8bde,56d4480b7ebb20624f753d7f,1,0
576548f4cbaf43383bfb7554,6/18/2016 9:13:24 PM,6/18/2016 9:13:24 PM,56c6c309243cb728205a3dff,57620f1bfc5e9c8e28e6f581,56d448167ebb20624f754506,-1,0
576601328a7bb32d3bc90a25,6/19/2016 10:19:30 AM,6/19/2016 10:19:30 AM,56c6c309243cb728205a3dff,5758d47c3d35c20936fb8bde,574af0be6bc71f626550a563,1,0
57660c76cbaf43383bfb7b9b,6/19/2016 11:07:34 AM,6/19/2016 11:07:36 AM,56c6c309243cb728205a3dff,57620f1bfc5e9c8e28e6f581,56d448047ebb20624f75383f,1,0
576629e78a7bb32d3bc90bc9,6/19/2016 1:13:11 PM,6/19/2016 1:13:11 PM,56c6c309243cb728205a3dff,57661c36cbaf43383bfb7c2f,56d448067ebb20624f753939,1,0
57662e63cbaf43383bfb7cd4,6/19/2016 1:32:19 PM,6/19/2016 1:32:19 PM,56c6c309243cb728205a3dff,57661c36cbaf43383bfb7c2f,56d448097ebb20624f753b91,1,0
576657facbaf43383bfb8718,6/19/2016 4:29:46 PM,6/19/2016 4:29:46 PM,56c6c309243cb728205a3dff,57661c36cbaf43383bfb7c2f,56d448167ebb20624f754582,1,0
57665aec8a7bb32d3bc90dd7,6/19/2016 4:42:20 PM,6/19/2016 4:42:20 PM,56c6c309243cb728205a3dff,5749a7f1f138325e2d1c9e65,56d448167ebb20624f754582,1,0
576674f28a7bb32d3bc90eec,6/19/2016 6:33:22 PM,6/19/2016 6:33:22 PM,56c6c309243cb728205a3dff,57661c36cbaf43383bfb7c2f,56e8f2e93c3e74753c194330,1,0
57668378cbaf43383bfb88b2,6/19/2016 7:35:20 PM,6/19/2016 7:35:20 PM,56c6c309243cb728205a3dff,57661c36cbaf43383bfb7c2f,56d448137ebb20624f75430f,1,0
576685268a7bb32d3bc90f73,6/19/2016 7:42:30 PM,6/19/2016 7:42:30 PM,56c6c309243cb728205a3dff,57661c36cbaf43383bfb7c2f,56d448127ebb20624f7541a9,1,0
5766a560cbaf43383bfb8a27,6/19/2016 10:00:00 PM,6/19/2016 10:00:00 PM,56c6c309243cb728205a3dff,57661c36cbaf43383bfb7c2f,56d448027ebb20624f753739,1,0
5766cfac8a7bb32d3bc912b9,6/20/2016 1:00:28 AM,6/20/2016 1:00:28 AM,56c6c309243cb728205a3dff,57661c36cbaf43383bfb7c2f,56d4480b7ebb20624f753e05,1,0
5766f5118a7bb32d3bc9130a,6/20/2016 3:40:01 AM,6/20/2016 3:40:01 AM,56c6c309243cb728205a3dff,57661c36cbaf43383bfb7c2f,56d448157ebb20624f7544b2,1,0
576715bacbaf43383bfb8c40,6/20/2016 5:59:22 AM,6/20/2016 5:59:22 AM,56c6c309243cb728205a3dff,57661c36cbaf43383bfb7c2f,56d448097ebb20624f753b97,1,0
576740b9cbaf43383bfb974f,6/20/2016 9:02:49 AM,6/20/2016 9:03:30 AM,56c6c309243cb728205a3dff,57661c36cbaf43383bfb7c2f,56d448137ebb20624f754327,-1,0
57675c028a7bb32d3bc9174a,6/20/2016 10:59:14 AM,6/20/2016 10:59:14 AM,56c6c309243cb728205a3dff,575f83c91694829a28aa5b90,57675a2a8a7bb32d3bc91737,1,0
57676ca98a7bb32d3bc91b12,6/20/2016 12:10:17 PM,6/20/2016 12:10:17 PM,56c6c309243cb728205a3dff,575f83c91694829a28aa5b90,56d448067ebb20624f753973,1,0
57676fcb8a7bb32d3bc91b25,6/20/2016 12:23:39 PM,6/20/2016 12:23:39 PM,56c6c309243cb728205a3dff,575f83c91694829a28aa5b90,56d448097ebb20624f753b91,1,0
5767cb3bcbaf43383bfba1c9,6/20/2016 6:53:47 PM,6/20/2016 6:53:47 PM,56c6c309243cb728205a3dff,57661c36cbaf43383bfb7c2f,573c618e319bb8343acd2d28,1,0
5767e011cbaf43383bfba26d,6/20/2016 8:22:41 PM,6/20/2016 8:22:41 PM,56c6c309243cb728205a3dff,576760798a7bb32d3bc91769,56d448097ebb20624f753c51,1,0
57682c0b8a7bb32d3bc9237c,6/21/2016 1:46:51 AM,6/21/2016 1:46:52 AM,56c6c309243cb728205a3dff,57661c36cbaf43383bfb7c2f,56e8f2e93c3e74753c19432a,-1,0
57686efccbaf43383bfba971,6/21/2016 6:32:28 AM,6/21/2016 6:32:28 AM,56c6c309243cb728205a3dff,575f83c91694829a28aa5b90,56d448147ebb20624f754371,1,0
576873358a7bb32d3bc92455,6/21/2016 6:50:29 AM,6/21/2016 6:50:29 AM,56c6c309243cb728205a3dff,57661c36cbaf43383bfb7c2f,56d448137ebb20624f754331,1,0
576884108a7bb32d3bc924e9,6/21/2016 8:02:24 AM,6/21/2016 8:02:29 AM,56c6c309243cb728205a3dff,575f83c91694829a28aa5b90,56d448127ebb20624f754183,1,0
57688eb88a7bb32d3bc92563,6/21/2016 8:47:52 AM,6/21/2016 8:47:52 AM,56c6c309243cb728205a3dff,575f83c91694829a28aa5b90,57688d3d8a7bb32d3bc92553,1,0
5768c20f8a7bb32d3bc927a2,6/21/2016 12:26:55 PM,6/21/2016 12:26:55 PM,56c6c309243cb728205a3dff,576760798a7bb32d3bc91769,56d448037ebb20624f753799,1,0
5768d367cbaf43383bfbb14f,6/21/2016 1:40:55 PM,6/21/2016 1:40:55 PM,56c6c309243cb728205a3dff,57661c36cbaf43383bfb7c2f,575d6627749edd5c2c7ed9cd,1,0
5768e5838a7bb32d3bc92939,6/21/2016 2:58:11 PM,6/21/2016 2:58:11 PM,56c6c309243cb728205a3dff,5768aa3ecbaf43383bfbabeb,56d448047ebb20624f7537f1,1,0
5768ee3fcbaf43383bfbb25c,6/21/2016 3:35:27 PM,6/21/2016 3:35:27 PM,56c6c309243cb728205a3dff,57661c36cbaf43383bfb7c2f,572eef151112704c7b4499a8,1,0
5768f46dcbaf43383bfbb27a,6/21/2016 4:01:49 PM,6/21/2016 4:01:49 PM,56c6c309243cb728205a3dff,575f83c91694829a28aa5b90,572eef151112704c7b4499a8,1,0
57690403cbaf43383bfbb2f0,6/21/2016 5:08:19 PM,6/21/2016 5:08:19 PM,56c6c309243cb728205a3dff,5768aa3ecbaf43383bfbabeb,570492c9ea953e8f30e0cbda,1,0
5769145ccbaf43383bfbb3b0,6/21/2016 6:18:04 PM,6/21/2016 6:18:04 PM,56c6c309243cb728205a3dff,575f83c91694829a28aa5b90,57690f1a8a7bb32d3bc92a98,1,0
57693f1ecbaf43383bfbb7bc,6/21/2016 9:20:30 PM,6/21/2016 9:20:30 PM,56c6c309243cb728205a3dff,5768aa3ecbaf43383bfbabeb,56d4480b7ebb20624f753dc7,1,0
576946248a7bb32d3bc92c4f,6/21/2016 9:50:28 PM,6/21/2016 9:50:28 PM,56c6c309243cb728205a3dff,5768aa3ecbaf43383bfbabeb,56d448107ebb20624f7540d1,1,0
576947088a7bb32d3bc92c5d,6/21/2016 9:54:16 PM,6/21/2016 9:54:16 PM,56c6c309243cb728205a3dff,5768aa3ecbaf43383bfbabeb,572d50741112704c7b4470bb,1,0
5769586a8a7bb32d3bc92d32,6/21/2016 11:08:26 PM,6/21/2016 11:08:26 PM,56c6c309243cb728205a3dff,576760798a7bb32d3bc91769,56d448167ebb20624f75452e,1,0
57696b68cbaf43383bfbb99d,6/22/2016 12:29:28 AM,6/22/2016 12:29:28 AM,56c6c309243cb728205a3dff,576760798a7bb32d3bc91769,56e8f2e83c3e74753c19429c,1,0
57697f388a7bb32d3bc92e5b,6/22/2016 1:54:00 AM,6/22/2016 1:54:00 AM,56c6c309243cb728205a3dff,575e2fd1fc5e9c8e28e6c03d,56d448127ebb20624f754183,1,0
57697fe9cbaf43383bfbbe17,6/22/2016 1:56:57 AM,6/22/2016 1:56:57 AM,56c6c309243cb728205a3dff,575f83c91694829a28aa5b90,572dfc0e23057a577bd4a6da,1,0
5769cf068a7bb32d3bc92f28,6/22/2016 7:34:30 AM,6/22/2016 7:34:30 AM,56c6c309243cb728205a3dff,575f83c91694829a28aa5b90,56d4480c7ebb20624f753ea9,1,0
576a217b2cd2f3be5a7507d7,6/22/2016 1:26:19 PM,6/22/2016 1:26:19 PM,56c6c309243cb728205a3dff,576a14d5bcd58fb75a35a51e,56d448097ebb20624f753c59,1,0
576a3b1cbcd58fb75a35a6f9,6/22/2016 3:15:40 PM,6/22/2016 3:15:40 PM,56c6c309243cb728205a3dff,576a14d5bcd58fb75a35a51e,56d4480b7ebb20624f753e09,1,0
576a4712bcd58fb75a35a77f,6/22/2016 4:06:42 PM,6/22/2016 4:06:42 PM,56c6c309243cb728205a3dff,5768aa3ecbaf43383bfbabeb,56d448137ebb20624f7542bd,1,0
576a5116bcd58fb75a35a7f1,6/22/2016 4:49:26 PM,6/22/2016 4:49:26 PM,56c6c309243cb728205a3dff,576a14d5bcd58fb75a35a51e,56d4480a7ebb20624f753c93,1,0
576a70412cd2f3be5a750b59,6/22/2016 7:02:25 PM,6/22/2016 7:02:25 PM,56c6c309243cb728205a3dff,5768aa3ecbaf43383bfbabeb,56d448167ebb20624f754582,1,0
576a82e4bcd58fb75a35aa1a,6/22/2016 8:21:56 PM,6/22/2016 8:21:56 PM,56c6c309243cb728205a3dff,576a14d5bcd58fb75a35a51e,56d448097ebb20624f753bc1,1,0
576a8ce62cd2f3be5a750ca2,6/22/2016 9:04:38 PM,6/22/2016 9:04:38 PM,56c6c309243cb728205a3dff,576760798a7bb32d3bc91769,56d448097ebb20624f753bc1,1,0
576be8ee013c87e5048733bb,6/23/2016 9:49:34 PM,6/23/2016 9:49:34 PM,56c6c309243cb728205a3dff,576b61b32cd2f3be5a7514a1,56d448057ebb20624f7538f1,1,0
576bf668013c87e504873488,6/23/2016 10:47:04 PM,6/23/2016 10:47:08 PM,56c6c309243cb728205a3dff,5754d61c034314f16d4a36c8,574a5fde399d5d5765510839,1,0
576bfd5a8990a6ec042c9552,6/23/2016 11:16:42 PM,6/23/2016 11:16:42 PM,56c6c309243cb728205a3dff,576b61b32cd2f3be5a7514a1,56d448137ebb20624f75424d,1,0
576c0c408990a6ec042c9645,6/24/2016 12:20:16 AM,6/24/2016 12:20:16 AM,56c6c309243cb728205a3dff,5754d61c034314f16d4a36c8,57288fe8fc52eaf207224740,1,0
576c0cb98990a6ec042c9647,6/24/2016 12:22:17 AM,6/24/2016 12:22:17 AM,56c6c309243cb728205a3dff,5754d61c034314f16d4a36c8,574af0be6bc71f626550a563,1,0
576cb63a013c87e504873aac,6/24/2016 12:25:30 PM,6/24/2016 12:25:31 PM,56c6c309243cb728205a3dff,576b61b32cd2f3be5a7514a1,56d448127ebb20624f75418d,-1,0
576d2a42f42b11dc634d9054,6/24/2016 8:40:34 PM,6/24/2016 8:40:34 PM,56c6c309243cb728205a3dff,576c997b8990a6ec042c9978,56d448047ebb20624f753807,1,0
576e0e5ef42b11dc634daacb,6/25/2016 12:53:50 PM,6/25/2016 12:53:50 PM,56c6c309243cb728205a3dff,5749a5c0f138325e2d1c9e3d,570f1a5efe5a48fe49c96cd6,1,0
576e3b70f42b11dc634dafa9,6/25/2016 4:06:08 PM,6/25/2016 4:06:08 PM,56c6c309243cb728205a3dff,576e12f0f42b11dc634dab4a,56d4480e7ebb20624f754023,1,0
576e88ca5a73643c6fcb996d,6/25/2016 9:36:10 PM,6/25/2016 9:36:10 PM,56c6c309243cb728205a3dff,5754d61c034314f16d4a36c8,571b7261e3d39ad67565d8bd,1,0
576f6c6a31a41d316f9916f0,6/26/2016 1:47:22 PM,6/26/2016 1:47:24 PM,56c6c309243cb728205a3dff,576f581c31a41d316f991569,56d4480b7ebb20624f753db5,1,0
576f6e655a73643c6fcbb5a0,6/26/2016 1:55:49 PM,6/26/2016 1:55:49 PM,56c6c309243cb728205a3dff,576b61b32cd2f3be5a7514a1,56d4480b7ebb20624f753db5,1,0
576f948e5a73643c6fcbb97b,6/26/2016 4:38:38 PM,6/26/2016 4:38:38 PM,56c6c309243cb728205a3dff,57661c36cbaf43383bfb7c2f,571ac420e12f4a713ccb2810,1,0
576ff7dd31a41d316f9924cb,6/26/2016 11:42:21 PM,6/26/2016 11:42:21 PM,56c6c309243cb728205a3dff,57562abe46dc071d3d95a786,570f1a5efe5a48fe49c96cd6,1,0
57706e4b5a73643c6fcbc5f7,6/27/2016 8:07:39 AM,6/27/2016 8:07:39 AM,56c6c309243cb728205a3dff,576e12f0f42b11dc634dab4a,56d448097ebb20624f753bc1,1,0
577074fc5a73643c6fcbc65a,6/27/2016 8:36:12 AM,6/27/2016 8:36:12 AM,56c6c309243cb728205a3dff,576c997b8990a6ec042c9978,56d448097ebb20624f753bc1,1,0
57707be55a73643c6fcbc6c6,6/27/2016 9:05:41 AM,6/27/2016 9:05:41 AM,56c6c309243cb728205a3dff,576b61b32cd2f3be5a7514a1,56d448097ebb20624f753bc1,1,0
5770bf493b6917045edaa201,6/27/2016 1:53:13 PM,6/27/2016 1:53:13 PM,56c6c309243cb728205a3dff,577096023b6917045eda9ef3,56d448177ebb20624f7545bc,1,0
